Country Name,Year,Adjusted savings: education expenditure (% of GNI),Adjusted savings: education expenditure (current US$),"Adolescent fertility rate (births per 1,000 women ages 15-19)","Compulsory education, duration (years)","Fertility rate, total (births per woman)","Intentional homicides (per 100,000 people)","Life expectancy at birth, female (years)","Life expectancy at birth, male (years)","Life expectancy at birth, total (years)","Mortality rate, infant (per 1,000 live births)","Mortality rate, infant, female (per 1,000 live births)","Mortality rate, infant, male (per 1,000 live births)","Mortality rate, neonatal (per 1,000 live births)","Mortality rate, under-5 (per 1,000 live births)","Mortality rate, under-5, female (per 1,000 live births)","Mortality rate, under-5, male (per 1,000 live births)",Number of deaths ages 10-14 years,Number of deaths ages 15-19 years,Number of deaths ages 20-24 years,Number of deaths ages 5-9 years,Number of infant deaths,Number of neonatal deaths,Number of under-five deaths,"Primary education, duration (years)","Primary education, pupils",Public and publicly guaranteed debt service (% of GNI),"Public and publicly guaranteed debt service (% of exports of goods, services and primary income)","Secondary education, duration (years)",Sex ratio at birth (male births per female births),Total debt service (% of GNI)
Belize,2000.0,5.12,54430766.08,99.894,8.0,3.634,17.05448283,71.06,66.338,68.564,20.6,18.4,22.8,12.0,24.4,21.9,26.8,15.0,32.0,51.0,15.0,149.0,87.0,174.0,6.0,44788.0,6.728221895,16.90387778,6.0,1.051,7.135701877
Belize,2001.0,5.01,54907120.05,99.264,8.0,3.554,25.79610197,70.95,66.057,68.357,19.9,17.8,22.0,11.6,23.5,21.1,25.8,15.0,33.0,52.0,15.0,146.0,85.0,171.0,6.0,45246.0,8.549644101,21.69294809,6.0,1.052,8.806393949
Belize,2002.0,5.055,58916977.87,96.295,8.0,3.465,33.98610086,71.528,66.306,68.752,19.3,17.3,21.2,11.2,22.7,20.4,24.9,15.0,34.0,53.0,15.0,143.0,83.0,167.0,6.0,44430.0,15.90767606,38.5876096,6.0,1.052,16.0884367
Belize,2003.0,5.1,61634629.65,90.829,8.0,3.321,25.37898014,71.612,66.518,68.909,18.7,16.8,20.6,10.8,22.0,19.8,24.1,15.0,35.0,54.0,15.0,138.0,80.0,162.0,6.0,47187.0,12.45130253,28.99798872,6.0,1.052,12.61960073
Belize,2004.0,5.1,64910548.35,89.73,8.0,3.207,29.03040292,71.853,66.893,69.227,18.3,16.4,20.0,10.4,21.4,19.3,23.4,15.0,36.0,55.0,16.0,134.0,76.0,157.0,6.0,48996.0,25.59021113,61.40542714,6.0,1.052,25.77719175
Belize,2005.0,5.328571429,71779786.96,90.57,8.0,3.129,28.88987963,71.829,67.177,69.376,17.8,16.0,19.5,10.0,20.9,18.9,22.8,15.0,36.0,56.0,16.0,132.0,74.0,154.0,6.0,50247.0,16.86620666,36.72047742,6.0,1.052,16.92537752
Belize,2006.0,5.557142857,80896298.29,83.613,8.0,2.982,31.86373405,72.775,67.717,70.093,17.4,15.7,19.1,9.7,20.4,18.5,22.3,15.0,37.0,58.0,16.0,128.0,71.0,150.0,6.0,51497.0,9.402291002,17.45052095,6.0,1.051,9.47574376
Belize,2007.0,5.785714286,88929159.43,79.723,8.0,2.874,32.64086468,73.484,68.168,70.655,17.1,15.4,18.7,9.5,20.0,18.1,21.8,15.0,38.0,58.0,16.0,124.0,69.0,146.0,6.0,51898.0,42.14250231,78.8401283,6.0,1.052,42.20332842
Belize,2008.0,6.014285714,94052768.25,77.025,8.0,2.799,33.69630469,74.045,68.618,71.151,16.8,15.1,18.3,9.6,19.6,17.7,21.4,15.0,39.0,59.0,15.0,122.0,70.0,143.0,6.0,51994.0,6.447254494,11.57739747,6.0,1.052,9.408232133
Belize,2009.0,6.242857143,99252388.91,74.454,8.0,2.701,30.87495484,74.861,69.175,71.819,16.4,14.8,18.0,9.9,19.2,17.4,20.9,15.0,39.0,59.0,15.0,119.0,72.0,140.0,6.0,52629.0,6.034696517,13.10124487,6.0,1.052,7.88951191
Belize,2010.0,6.471428571,103542905.7,71.989,8.0,2.606,40.04886583,75.37,69.588,72.272,16.1,14.5,17.6,10.3,18.7,17.0,20.4,15.0,40.0,60.0,14.0,116.0,75.0,136.0,6.0,52650.0,6.020259093,11.55141269,6.0,1.052,7.943493971
Belize,2011.0,6.7,115394100.0,74.011,8.0,2.585,37.62849448,75.677,70.019,72.651,15.6,14.1,17.1,10.7,18.2,16.5,19.9,15.0,41.0,62.0,14.0,114.0,79.0,133.0,6.0,52361.0,5.143050295,9.334983663,6.0,1.052,7.626883153
Belize,2012.0,6.545,116684260.0,73.396,8.0,2.555,43.01917468,76.13,70.714,73.245,15.2,13.6,16.6,10.9,17.7,16.0,19.3,15.0,41.0,64.0,13.0,113.0,82.0,131.0,6.0,53605.0,5.26778543,9.016820024,6.0,1.052,8.69527412
Belize,2013.0,6.39,122068170.0,72.832,8.0,2.53,28.72166818,76.266,71.35,73.666,14.7,13.2,16.1,10.9,17.1,15.4,18.6,15.0,41.0,64.0,12.0,111.0,84.0,129.0,6.0,52573.0,5.837369921,10.45561518,6.0,1.052,7.117755645
Belize,2014.0,6.39,127812780.0,70.722,8.0,2.491,34.90995785,76.341,70.674,73.311,14.1,12.6,15.5,10.8,16.4,14.8,17.9,13.0,41.0,65.0,12.0,109.0,84.0,126.0,6.0,51978.0,3.740066363,6.810059795,6.0,1.052,4.633943702
Belize,2015.0,6.39,135151695.0,69.786,8.0,2.438,33.06740471,76.486,70.357,73.187,13.5,12.1,14.8,10.5,15.7,14.1,17.2,13.0,41.0,66.0,11.0,105.0,82.0,121.0,6.0,52072.0,3.667568018,7.396458638,6.0,1.052,4.664193374
Belize,2016.0,6.39,137196495.0,70.523,8.0,2.394,37.57018887,76.668,70.584,73.399,12.9,11.5,14.1,10.2,14.9,13.4,16.4,13.0,41.0,66.0,10.0,100.0,80.0,116.0,6.0,52333.0,3.983272288,8.69413499,6.0,1.052,4.80686928
Belize,2017.0,6.39,138075120.0,69.627,8.0,2.36,37.89764167,76.845,70.731,73.562,12.2,11.0,13.5,9.9,14.2,12.8,15.6,12.0,41.0,66.0,9.0,96.0,78.0,111.0,6.0,51512.0,4.015560898,8.285434042,6.0,1.052,4.877274375
Belize,2018.0,6.39,137944125.0,72.062,8.0,2.345,37.42808834,77.021,70.84,73.703,11.6,10.4,12.8,9.6,13.5,12.2,14.8,11.0,41.0,65.0,9.0,92.0,77.0,107.0,6.0,50764.0,4.004830375,7.916780797,6.0,1.052,5.324769273
Belize,2019.0,6.39,143969895.0,64.404,8.0,2.106,34.43889025,77.247,71.062,73.931,11.1,9.9,12.1,9.4,12.8,11.5,14.1,10.0,39.0,65.0,9.0,85.0,69.0,99.0,6.0,50388.0,4.213642502,8.42130113,6.0,1.052,4.686542848
Belize,2020.0,6.39,129164265.0,56.671,8.0,1.999,25.8279831,76.626,69.564,72.854,10.5,9.4,11.5,9.1,12.2,11.0,13.3,10.0,38.0,64.0,8.0,75.0,64.0,88.0,6.0,49449.0,3.791685095,10.44291294,6.0,1.052,4.001429662
Belize,2021.0,6.39,154225845.0,57.127,8.0,2.01,31.24757831,74.332,67.119,70.47,9.9,8.9,10.9,8.8,11.5,10.4,12.6,10.0,36.0,62.0,7.0,71.0,63.0,83.0,6.0,47442.0,26.13188645,58.44342242,6.0,1.051,26.34873922
Belize,2022.0,,,56.569,8.0,1.989,,74.685,67.721,70.962,9.4,8.4,10.3,8.4,10.9,9.9,12.0,9.0,35.0,61.0,7.0,67.0,61.0,79.0,6.0,45615.0,2.655111039,5.191895305,6.0,1.052,2.840475238
Belize,2023.0,,,,8.0,,,,,,,,,,,,,,,,,,,,6.0,44727.0,,,6.0,,
Costa Rica,2000.0,4.75,680431088.7,82.104,11.0,2.412,6.257550998,80.038,75.252,77.586,11.1,9.8,12.3,7.7,13.1,11.6,14.5,111.0,238.0,296.0,92.0,874.0,602.0,1034.0,6.0,551465.0,3.948468232,8.283189926,5.0,1.051,4.548778275
Costa Rica,2001.0,4.79,730095442.8,76.014,11.0,2.325,6.340633903,79.893,75.297,77.545,10.5,9.4,11.6,7.5,12.6,11.2,13.9,109.0,239.0,300.0,89.0,821.0,581.0,983.0,6.0,552302.0,4.105813632,9.272892629,5.0,1.052,4.572581554
Costa Rica,2002.0,4.17,659540262.1,71.194,11.0,2.2,6.258151667,80.374,75.692,77.983,10.2,9.1,11.2,7.3,12.2,10.9,13.4,108.0,241.0,304.0,87.0,775.0,546.0,927.0,6.0,545509.0,3.829402363,9.024655655,5.0,1.053,4.261185768
Costa Rica,2003.0,4.075,671343637.9,69.445,11.0,2.137,7.162279711,80.412,75.82,78.072,10.0,9.0,11.0,7.1,11.8,10.6,13.0,105.0,241.0,310.0,84.0,745.0,527.0,881.0,6.0,,4.482244709,10.22270519,5.0,1.049,5.015727733
Costa Rica,2004.0,3.98,709342698.6,68.081,11.0,2.078,6.583898441,80.635,76.104,78.331,9.9,8.9,10.9,7.1,11.5,10.4,12.6,104.0,239.0,314.0,81.0,729.0,519.0,852.0,6.0,558084.0,3.431592434,7.54933781,5.0,1.047,5.091079193
Costa Rica,2005.0,4.232226871,816283463.3,66.38,11.0,2.044,7.762019719,80.862,76.231,78.505,9.8,8.9,10.8,7.1,11.3,10.2,12.4,102.0,237.0,319.0,78.0,719.0,520.0,833.0,6.0,542087.0,2.4393522,5.178343055,5.0,1.047,4.341873462
Costa Rica,2006.0,4.484453743,989045587.5,66.242,11.0,2.014,8.017045472,81.064,76.079,78.514,9.7,8.8,10.6,7.0,11.2,10.1,12.2,99.0,242.0,334.0,76.0,714.0,518.0,821.0,6.0,546542.0,1.683156159,3.586491896,5.0,1.046,3.55696407
Costa Rica,2007.0,4.736680614,1240884055.0,67.813,11.0,2.012,8.310775247,80.934,76.089,78.462,9.6,8.7,10.5,6.9,11.1,10.0,12.1,97.0,253.0,361.0,73.0,713.0,514.0,818.0,6.0,536436.0,1.45625057,3.307914751,5.0,1.047,3.4374789
Costa Rica,2008.0,5.0,1510656002.0,69.868,11.0,2.021,11.3729228,81.016,75.99,78.445,9.5,8.6,10.3,6.7,10.9,9.9,11.9,96.0,262.0,383.0,71.0,715.0,509.0,819.0,6.0,534816.0,3.62341611,8.710202363,5.0,1.048,5.202761735
Costa Rica,2009.0,6.2,1844161106.0,67.674,11.0,1.982,11.50526695,81.236,76.216,78.672,9.4,8.6,10.1,6.6,10.7,9.8,11.7,93.0,257.0,384.0,68.0,708.0,496.0,809.0,6.0,531665.0,2.661197845,7.152286158,5.0,1.047,4.215172815
Costa Rica,2010.0,6.417877211,2340755543.0,65.123,11.0,1.928,11.40137009,81.083,76.34,78.67,9.2,8.4,9.9,6.5,10.5,9.6,11.4,91.0,241.0,367.0,66.0,684.0,484.0,784.0,6.0,520609.0,1.520435445,4.337196383,5.0,1.048,2.734732002
Costa Rica,2011.0,6.635754422,2743518816.0,64.909,13.0,1.902,10.1283642,81.711,77.048,79.348,8.9,8.2,9.6,6.5,10.2,9.3,11.1,89.0,224.0,347.0,63.0,657.0,480.0,756.0,6.0,506961.0,2.034247173,5.849163762,5.0,1.047,3.928195039
Costa Rica,2012.0,6.853631633,3137315175.0,65.567,13.0,1.876,8.592673194,81.62,77.009,79.283,8.6,7.9,9.2,6.5,9.9,9.1,10.7,86.0,212.0,333.0,61.0,629.0,475.0,729.0,6.0,494720.0,2.062224435,6.116108659,5.0,1.045,4.99756875
Costa Rica,2013.0,7.071508844,3473637598.0,62.31,13.0,1.838,8.577627003,81.762,77.112,79.403,8.2,7.6,8.8,6.4,9.6,8.8,10.3,84.0,207.0,333.0,60.0,598.0,464.0,700.0,6.0,480125.0,2.808223673,8.58868589,5.0,1.046,6.692707816
Costa Rica,2014.0,7.016534481,3501426089.0,58.971,13.0,1.819,9.846647242,81.236,76.409,78.774,7.9,7.4,8.5,6.3,9.3,8.6,10.0,82.0,212.0,347.0,59.0,571.0,456.0,672.0,6.0,475731.0,2.290460347,6.760786469,5.0,1.046,6.942384703
Costa Rica,2015.0,6.961560118,3763559618.0,55.253,13.0,1.79,11.37839559,81.569,76.698,79.086,7.7,7.2,8.2,6.2,9.0,8.4,9.7,79.0,223.0,371.0,57.0,550.0,443.0,648.0,6.0,473447.0,2.111007424,6.534701223,5.0,1.046,5.118596137
Costa Rica,2016.0,6.906585755,3895001184.0,53.031,13.0,1.754,11.68808978,82.008,77.01,79.459,7.6,7.0,8.0,6.1,8.8,8.2,9.4,77.0,232.0,392.0,57.0,531.0,426.0,624.0,6.0,475756.0,1.85152745,5.493023714,5.0,1.044,5.017224125
Costa Rica,2017.0,7.131134248,4090069234.0,53.783,13.0,1.74,12.07487262,81.76,77.07,79.377,7.5,7.0,7.9,6.0,8.6,8.0,9.2,75.0,234.0,401.0,55.0,519.0,416.0,604.0,6.0,472421.0,1.957407468,5.672185239,5.0,1.045,5.158424339
Costa Rica,2018.0,6.966861983,4115755455.0,51.147,13.0,1.709,11.6054527,82.083,76.996,79.484,7.3,6.9,7.7,6.0,8.5,7.9,9.0,75.0,228.0,399.0,53.0,505.0,410.0,584.0,6.0,483770.0,2.681660489,7.192229844,5.0,1.044,5.781753936
Costa Rica,2019.0,7.088387941,4294570094.0,44.882,13.0,1.632,11.07279992,81.953,77.002,79.427,7.2,6.8,7.6,6.2,8.3,7.7,8.8,74.0,218.0,390.0,51.0,479.0,406.0,555.0,6.0,497065.0,2.884047755,7.497246117,5.0,1.043,5.190737558
Costa Rica,2020.0,6.857178347,4022198356.0,38.024,13.0,1.555,11.12606515,81.912,76.751,79.277,7.0,6.6,7.4,6.5,8.1,7.5,8.6,73.0,208.0,380.0,50.0,446.0,405.0,520.0,6.0,492761.0,2.760003341,7.971961599,5.0,1.044,5.106092923
Costa Rica,2021.0,6.857178347,4123394818.0,37.148,13.0,1.533,11.40870985,79.811,74.418,77.023,6.9,6.5,7.3,6.7,7.9,7.4,8.4,72.0,204.0,379.0,48.0,426.0,413.0,493.0,6.0,487445.0,2.455429251,6.242060261,5.0,1.044,5.05622329
Costa Rica,2022.0,,,35.749,13.0,1.522,,80.036,74.762,77.32,6.9,6.5,7.3,6.9,7.7,7.2,8.3,72.0,208.0,388.0,46.0,419.0,416.0,475.0,6.0,482118.0,1.80586838,3.881497727,5.0,1.045,2.867841411
Costa Rica,2023.0,,,,13.0,,,,,,,,,,,,,,,,,,,,6.0,,,,5.0,,
El Salvador,2000.0,2.54,292908423.6,107.896,9.0,3.14,59.59571582,74.248,65.35,69.865,27.3,24.6,29.8,14.8,33.0,29.8,35.9,281.0,820.0,1259.0,243.0,4548.0,2442.0,5537.0,6.0,949077.0,2.286306012,9.948414082,6.0,1.062,3.274278298
El Salvador,2001.0,2.67,320849457.1,100.786,9.0,2.977,59.95228867,73.903,65.159,69.598,25.9,23.4,28.3,14.0,31.1,28.1,34.0,385.0,778.0,1255.0,369.0,4144.0,2198.0,5044.0,6.0,967748.0,2.570730543,11.86558139,6.0,1.063,3.215761719
El Salvador,2002.0,2.8,345542128.4,92.917,9.0,2.809,47.16137591,74.708,65.628,70.232,24.6,22.2,26.9,13.3,29.4,26.6,32.1,277.0,764.0,1257.0,225.0,3731.0,1971.0,4546.0,6.0,987676.0,3.081803751,14.19312354,6.0,1.066,4.099759476
El Salvador,2003.0,2.77,355135943.9,86.67,9.0,2.675,55.68416064,74.682,65.468,70.14,23.3,21.0,25.5,12.6,27.8,25.1,30.4,277.0,780.0,1270.0,217.0,3362.0,1781.0,4092.0,6.0,1016098.0,3.894302549,17.44398868,6.0,1.069,5.590521442
El Salvador,2004.0,2.765,366831468.9,82.695,9.0,2.546,64.56630933,74.968,65.574,70.34,22.2,20.0,24.3,12.0,26.3,23.7,28.8,277.0,829.0,1293.0,210.0,3041.0,1609.0,3688.0,6.0,1045485.0,4.333652805,19.31902991,6.0,1.068,6.854471446
El Salvador,2005.0,2.76,392132520.0,80.265,9.0,2.455,64.29476084,75.083,65.642,70.44,21.1,19.0,23.1,11.4,24.9,22.4,27.3,278.0,889.0,1304.0,202.0,2765.0,1475.0,3337.0,6.0,1045484.0,3.715553467,15.01052624,6.0,1.069,6.173593984
El Salvador,2006.0,2.76,429521412.0,77.46,9.0,2.393,65.07650425,75.401,65.965,70.773,20.0,18.0,21.9,10.9,23.6,21.2,25.9,278.0,937.0,1279.0,195.0,2547.0,1372.0,3054.0,6.0,1035100.0,5.27088729,20.480915,6.0,1.072,8.139311627
El Salvador,2007.0,2.81,465209550.0,76.217,9.0,2.335,57.85777972,75.677,66.332,71.108,19.1,17.1,20.9,10.4,22.4,20.1,24.5,278.0,963.0,1228.0,185.0,2359.0,1277.0,2808.0,6.0,1075041.0,4.322251485,15.36455495,6.0,1.073,6.752249389
El Salvador,2008.0,3.41,600086344.0,73.788,9.0,2.291,52.38872998,75.92,66.705,71.424,18.1,16.3,19.9,10.0,21.2,19.1,23.3,278.0,986.0,1180.0,174.0,2197.0,1206.0,2603.0,6.0,993795.0,4.09107555,14.43056583,6.0,1.073,5.734712302
El Salvador,2009.0,3.63,618757095.0,72.071,9.0,2.261,71.93999528,75.961,66.957,71.576,17.2,15.5,18.9,9.6,20.2,18.2,22.1,303.0,994.0,1129.0,208.0,2067.0,1150.0,2437.0,6.0,963524.0,5.479618581,21.75838969,6.0,1.076,6.917766359
El Salvador,2010.0,3.16,565946836.0,70.912,9.0,2.239,65.2106232,76.213,67.245,71.848,16.4,14.8,18.0,9.2,19.2,17.3,21.0,275.0,982.0,1074.0,154.0,1958.0,1099.0,2298.0,6.0,939726.0,4.666248235,16.62239213,6.0,1.073,6.215749911
El Salvador,2011.0,3.15,619464510.0,70.951,9.0,2.224,71.21968062,76.189,67.289,71.859,15.7,14.1,17.2,8.8,18.3,16.4,20.0,272.0,951.0,1017.0,145.0,1865.0,1052.0,2180.0,6.0,900681.0,5.113432543,16.92817678,6.0,1.072,6.695038165
El Salvador,2012.0,3.53553042,725334925.3,70.643,9.0,2.187,42.10157972,76.163,67.26,71.831,14.9,13.4,16.4,8.4,17.4,15.6,19.1,268.0,930.0,985.0,139.0,1772.0,998.0,2066.0,6.0,858864.0,4.20598453,13.9424551,6.0,1.069,5.778258452
El Salvador,2013.0,3.638913809,764199555.7,70.62,12.0,2.154,40.62633752,76.158,67.146,71.771,14.3,12.9,15.7,8.1,16.6,15.0,18.2,264.0,964.0,1017.0,137.0,1684.0,951.0,1962.0,6.0,817275.0,3.984234388,12.65532546,6.0,1.065,5.484144964
El Salvador,2014.0,3.742297198,806765552.7,70.115,15.0,2.126,63.14491129,76.267,66.993,71.746,13.7,12.3,15.0,7.7,16.0,14.4,17.5,260.0,1064.0,1125.0,135.0,1609.0,909.0,1874.0,6.0,777043.0,4.058220581,12.99447033,6.0,1.061,6.016231632
El Salvador,2015.0,3.845680588,859370782.3,70.359,15.0,2.067,106.8196036,76.572,66.834,71.814,13.2,11.9,14.4,7.4,15.3,13.8,16.8,257.0,1156.0,1249.0,136.0,1529.0,856.0,1782.0,6.0,741394.0,4.025718946,12.78103762,6.0,1.058,5.852182765
El Salvador,2016.0,3.74975473,860383097.6,65.213,15.0,1.965,84.40911222,77.075,66.762,72.025,12.7,11.4,13.9,7.1,14.7,13.2,16.1,255.0,1141.0,1301.0,138.0,1425.0,788.0,1666.0,6.0,711182.0,4.225885335,13.84367261,6.0,1.052,6.124947783
El Salvador,2017.0,3.626960006,855656808.7,61.531,15.0,1.896,63.223527,77.494,66.908,72.311,12.2,11.0,13.3,6.9,14.2,12.8,15.5,257.0,1013.0,1264.0,140.0,1323.0,736.0,1552.0,6.0,678137.0,4.161908539,13.28943263,6.0,1.05,16.16647641
El Salvador,2018.0,3.56574997,875418717.4,58.197,15.0,1.849,53.31130352,77.488,67.352,72.555,11.8,10.6,12.9,6.6,13.7,12.3,15.0,261.0,835.0,1163.0,141.0,1238.0,693.0,1454.0,6.0,662740.0,4.175632467,13.16083234,6.0,1.048,14.44647331
El Salvador,2019.0,3.352356539,856193200.9,57.808,15.0,1.838,38.18339398,76.776,68.009,72.559,11.3,10.2,12.4,6.4,13.2,11.9,14.4,266.0,661.0,1037.0,141.0,1176.0,663.0,1379.0,6.0,626300.0,7.292517824,22.43900751,6.0,1.048,22.01953861
El Salvador,2020.0,3.352356539,779356518.5,56.83,15.0,1.819,21.31030232,75.413,66.432,71.061,11.0,9.9,12.0,6.2,12.7,11.5,13.9,270.0,529.0,921.0,141.0,1124.0,631.0,1315.0,6.0,616870.0,4.439928376,16.62326785,6.0,1.048,21.90932916
El Salvador,2021.0,3.352356539,908915041.7,55.89,15.0,1.803,18.16549846,75.149,66.078,70.748,10.6,9.5,11.6,6.0,12.3,11.1,13.5,274.0,447.0,844.0,140.0,1075.0,605.0,1255.0,6.0,603304.0,4.053763677,12.98414611,6.0,1.048,21.1930555
El Salvador,2022.0,,,54.546,15.0,1.785,,75.813,66.837,71.475,10.2,9.2,11.1,5.8,11.9,10.7,13.0,275.0,401.0,791.0,136.0,1028.0,580.0,1200.0,6.0,601086.0,6.060841765,17.38735646,6.0,1.048,11.15048687
El Salvador,2023.0,,,,15.0,,,,,,,,,,,,,,,,,,,,6.0,609862.0,,,6.0,,
Guatemala,2000.0,1.876376875,357998206.4,109.177,16.0,4.583,24.74459977,71.105,63.983,67.446,41.0,36.5,45.3,21.4,52.2,47.7,56.4,920.0,1829.0,2506.0,1195.0,16428.0,8698.0,20828.0,6.0,1909389.0,1.602599017,7.502149859,6.0,1.034,2.076742668
Guatemala,2001.0,2.030314062,371969233.9,110.434,16.0,4.502,26.8960598,71.602,64.467,67.946,39.6,35.2,43.6,20.8,50.1,45.7,54.2,912.0,1865.0,2567.0,1150.0,16054.0,8558.0,20238.0,6.0,1971539.0,1.896086253,8.230900033,6.0,1.034,2.318479499
Guatemala,2002.0,2.18425125,439598780.2,106.66,16.0,4.371,29.54469117,72.042,64.887,68.386,38.2,34.0,42.2,20.2,48.1,43.8,52.2,903.0,1930.0,2657.0,1108.0,15553.0,8279.0,19539.0,6.0,2075694.0,1.816703601,8.862817848,6.0,1.034,2.107999405
Guatemala,2003.0,2.338188438,497063570.1,99.616,16.0,4.25,33.70588935,72.447,65.286,68.797,36.9,32.8,40.7,19.7,46.2,42.0,50.2,898.0,2014.0,2764.0,1071.0,14936.0,7987.0,18726.0,6.0,,1.931332548,9.553177215,6.0,1.032,2.172487208
Guatemala,2004.0,2.492125625,577355384.4,96.107,16.0,4.134,35.06728082,72.809,65.645,69.165,35.6,31.6,39.3,19.1,44.4,40.3,48.4,895.0,2112.0,2871.0,1039.0,14337.0,7724.0,17927.0,6.0,2280706.0,2.110253975,7.608658046,6.0,1.032,4.011699403
Guatemala,2005.0,2.646062813,695875984.2,93.434,16.0,3.974,40.64627733,72.701,65.737,69.168,34.4,30.5,38.0,18.6,42.7,38.7,46.5,1041.0,2206.0,2955.0,1319.0,13740.0,7450.0,17131.0,6.0,2345301.0,1.532289024,5.700647571,6.0,1.031,3.970425339
Guatemala,2006.0,2.8,813791107.3,90.832,16.0,3.845,43.87728957,73.423,66.307,69.812,33.1,29.4,36.7,18.1,41.0,37.1,44.7,898.0,2273.0,2993.0,983.0,13164.0,7219.0,16345.0,6.0,2405041.0,1.624616418,5.876052473,6.0,1.032,4.379102521
Guatemala,2007.0,2.92,955574915.1,91.574,16.0,3.716,42.20753513,73.682,66.618,70.1,32.0,28.4,35.4,17.6,39.4,35.6,43.0,895.0,2300.0,2989.0,955.0,12705.0,7064.0,15679.0,6.0,2448976.0,1.861897325,6.57262595,6.0,1.033,4.635839721
Guatemala,2008.0,2.89,1094438967.0,90.46,16.0,3.571,45.00892059,73.899,66.907,70.356,30.8,27.4,34.1,17.2,37.8,34.1,41.3,891.0,2296.0,2952.0,922.0,12244.0,6844.0,15032.0,6.0,2500575.0,1.365176098,5.401086601,6.0,1.033,4.260506651
Guatemala,2009.0,2.885,1050043281.0,89.986,16.0,3.465,45.56990468,74.127,67.245,70.641,29.7,26.4,32.9,16.7,36.3,32.7,39.7,883.0,2276.0,2899.0,888.0,11781.0,6674.0,14393.0,6.0,2659776.0,1.448588583,5.96904522,6.0,1.033,4.849832052
Guatemala,2010.0,2.88,1141710787.0,89.008,16.0,3.375,40.98157473,74.29,67.55,70.878,28.6,25.4,31.7,16.1,34.8,31.3,38.1,873.0,2253.0,2845.0,852.0,11400.0,6454.0,13847.0,6.0,2653483.0,1.381651787,5.493591975,6.0,1.034,4.045918745
Guatemala,2011.0,2.95,1344397942.0,90.535,16.0,3.292,38.29856614,74.525,67.907,71.177,27.6,24.5,30.5,15.5,33.4,30.0,36.6,867.0,2241.0,2802.0,818.0,11048.0,6257.0,13357.0,6.0,2644683.0,1.948353076,7.416145809,6.0,1.034,4.523979948
Guatemala,2012.0,2.94,1427927432.0,90.895,16.0,3.219,34.07519652,74.731,68.265,71.463,26.5,23.5,29.4,14.9,32.0,28.8,35.1,864.0,2243.0,2783.0,789.0,10722.0,6072.0,12903.0,6.0,2556314.0,1.128414606,4.626149657,6.0,1.034,3.281614886
Guatemala,2013.0,2.84,1469999293.0,83.341,16.0,3.151,33.42484045,74.927,68.591,71.728,25.6,22.7,28.3,14.3,30.7,27.6,33.7,860.0,2268.0,2790.0,764.0,10359.0,5827.0,12423.0,6.0,2499076.0,1.683086371,7.068786194,6.0,1.034,5.652388788
Guatemala,2014.0,2.965512577,1670630207.0,81.595,16.0,3.088,33.42934273,75.1,68.882,71.964,24.6,21.8,27.3,13.8,29.5,26.4,32.4,856.0,2316.0,2831.0,742.0,10019.0,5651.0,11980.0,6.0,2417429.0,1.049416459,4.532208301,6.0,1.035,3.497492558
Guatemala,2015.0,2.986905133,1813044949.0,80.387,16.0,3.029,,75.178,69.075,72.103,23.7,21.1,26.3,13.2,28.4,25.4,31.2,847.0,2360.0,2886.0,721.0,9747.0,5482.0,11614.0,6.0,2381916.0,1.050996661,4.955832611,6.0,1.035,3.479140742
Guatemala,2016.0,2.932524058,1895243897.0,77.794,16.0,2.973,,75.392,69.359,72.355,23.0,20.3,25.4,12.7,27.3,24.4,30.0,832.0,2357.0,2919.0,700.0,9497.0,5305.0,11282.0,6.0,2350849.0,1.091254352,5.388889346,6.0,1.036,4.761364099
Guatemala,2017.0,2.880386455,2020678260.0,78.608,16.0,2.857,32.78298335,75.52,69.613,72.551,22.2,19.6,24.6,12.3,26.4,23.6,29.0,814.0,2284.0,2909.0,678.0,9154.0,5051.0,10859.0,6.0,2348863.0,1.187722552,5.941662389,6.0,1.037,5.946388412
Guatemala,2018.0,2.958868835,2125231878.0,76.279,16.0,2.743,28.89584147,75.571,69.896,72.726,21.5,19.0,23.8,11.9,25.4,22.7,28.0,796.0,2164.0,2874.0,656.0,8717.0,4789.0,10347.0,6.0,2362116.0,0.84835726,4.274764592,6.0,1.037,1.637085387
Guatemala,2019.0,3.085170608,2337521641.0,71.729,16.0,2.61,25.64546619,75.812,70.439,73.129,20.8,18.4,23.0,11.4,24.6,22.0,27.0,779.0,2035.0,2834.0,636.0,8229.0,4481.0,9784.0,6.0,2365800.0,1.059154924,5.493746766,6.0,1.038,2.692892882
Guatemala,2020.0,3.200369312,2439263863.0,66.848,16.0,2.484,18.96016456,75.545,68.258,71.797,20.1,17.8,22.3,11.0,23.7,21.2,26.1,767.0,1921.0,2811.0,619.0,7712.0,4180.0,9180.0,6.0,2348398.0,1.389623986,7.727108667,6.0,1.038,4.580858414
Guatemala,2021.0,3.067343192,2578912156.0,64.054,16.0,2.395,19.9903643,72.651,66.005,69.237,19.4,17.2,21.6,10.6,22.9,20.5,25.2,760.0,1843.0,2833.0,606.0,7272.0,3963.0,8644.0,6.0,2396898.0,1.059159486,5.464429709,6.0,1.039,1.831248058
Guatemala,2022.0,,,63.163,16.0,2.354,,71.754,65.697,68.674,18.8,16.7,20.8,10.3,22.1,19.8,24.3,758.0,1804.0,2885.0,594.0,6979.0,3828.0,8259.0,6.0,2414945.0,1.715370134,8.120017916,6.0,1.039,5.653942323
Guatemala,2023.0,,,,16.0,,,,,,,,,,,,,,,,,,,,6.0,2413805.0,,,6.0,,
Honduras,2000.0,3.91740124,272804817.4,123.567,9.0,4.237,47.71114925,70.807,66.652,68.662,30.5,27.0,33.8,17.8,37.3,33.5,41.0,436.0,953.0,1207.0,619.0,6820.0,4021.0,8295.0,6.0,1094792.0,2.438449452,6.303704417,5.0,1.053,5.706576553
Honduras,2001.0,4.10298576,303323975.0,120.47,9.0,4.098,51.01010016,71.284,66.883,69.006,29.3,25.9,32.5,17.4,35.7,32.0,39.2,444.0,949.0,1219.0,608.0,6577.0,3918.0,7978.0,6.0,,1.722825003,4.786129752,5.0,1.054,4.732218971
Honduras,2002.0,4.28857028,324208148.5,116.121,9.0,3.956,51.61036666,71.441,67.413,69.366,28.1,24.9,31.2,16.8,34.1,30.5,37.5,454.0,943.0,1227.0,597.0,6311.0,3782.0,7637.0,6.0,,2.273983304,6.221028387,5.0,1.055,5.356715387
Honduras,2003.0,4.4741548,351836807.4,111.749,9.0,3.815,56.55467346,71.57,67.566,69.507,27.0,23.9,29.9,16.3,32.6,29.2,35.9,465.0,938.0,1233.0,586.0,6037.0,3650.0,7294.0,6.0,1255859.0,2.45889157,6.855056583,5.0,1.056,5.381875874
Honduras,2004.0,4.65973932,392076311.5,108.406,9.0,3.677,49.2861933,72.07,67.677,69.796,25.9,22.9,28.8,15.9,31.2,27.8,34.4,478.0,933.0,1234.0,579.0,5771.0,3538.0,6955.0,6.0,1257358.0,2.466508077,6.241281961,5.0,1.056,3.933447758
Honduras,2005.0,4.84532384,450616943.9,104.158,9.0,3.545,42.4608635,72.132,68.191,70.104,24.9,22.0,27.7,15.5,29.9,26.7,33.0,493.0,931.0,1234.0,570.0,5522.0,3442.0,6634.0,6.0,1231533.0,2.197741707,5.354863964,5.0,1.056,4.131758418
Honduras,2006.0,5.03090836,522462091.0,101.141,9.0,3.419,40.25719155,72.306,68.335,70.261,24.0,21.2,26.6,15.2,28.7,25.6,31.6,507.0,930.0,1232.0,562.0,5286.0,3361.0,6332.0,6.0,1293333.0,1.505100568,3.779537735,5.0,1.056,3.135939499
Honduras,2007.0,5.21649288,623957989.6,97.358,9.0,3.296,45.27752168,72.368,68.498,70.376,23.1,20.4,25.7,14.9,27.5,24.5,30.4,522.0,930.0,1230.0,552.0,5059.0,3275.0,6043.0,6.0,1251733.0,1.318905592,3.398915126,5.0,1.056,2.793546459
Honduras,2008.0,5.4020774,727909054.4,94.706,9.0,3.177,54.9879366,72.451,68.549,70.441,22.3,19.7,24.8,14.6,26.5,23.6,29.3,538.0,933.0,1228.0,542.0,4850.0,3188.0,5777.0,6.0,1276495.0,0.767337426,2.062438305,5.0,1.055,2.747861154
Honduras,2009.0,5.58766192,798960157.2,91.994,9.0,3.063,63.78889741,72.958,68.983,70.911,21.5,19.0,23.9,14.3,25.5,22.7,28.2,555.0,936.0,1228.0,531.0,4652.0,3089.0,5526.0,6.0,1265963.0,1.138319537,3.769215283,5.0,1.055,3.012027318
Honduras,2010.0,5.77324644,872365155.0,89.482,9.0,2.957,73.7906734,73.278,69.038,71.088,20.8,18.3,23.1,13.9,24.6,21.8,27.2,575.0,939.0,1229.0,520.0,4461.0,2982.0,5287.0,6.0,1274904.0,0.723336909,2.189114113,5.0,1.055,3.409990885
Honduras,2011.0,5.95883096,999221716.6,86.963,12.0,2.86,82.38905529,73.776,69.261,71.439,20.1,17.7,22.3,13.5,23.7,21.0,26.2,594.0,940.0,1232.0,508.0,4281.0,2872.0,5063.0,6.0,1259405.0,0.744999893,1.986073354,5.0,1.055,6.014959513
Honduras,2012.0,6.14441548,1059728461.0,84.451,12.0,2.774,81.570758,74.169,69.471,71.734,19.4,17.1,21.6,13.0,22.8,20.3,25.3,615.0,940.0,1237.0,497.0,4115.0,2763.0,4854.0,6.0,1216739.0,0.763056607,1.955772683,5.0,1.055,5.372258836
Honduras,2013.0,6.33,1088507283.0,81.681,12.0,2.699,71.76929102,74.497,69.613,71.963,18.8,16.5,20.9,12.6,22.0,19.6,24.4,634.0,939.0,1242.0,487.0,3960.0,2659.0,4660.0,6.0,1179022.0,1.129520613,3.079617622,5.0,1.054,5.384340172
Honduras,2014.0,6.33,1150084016.0,79.562,12.0,2.635,64.53877155,74.632,70.036,72.259,18.1,16.0,20.1,12.1,21.2,18.9,23.5,649.0,938.0,1247.0,477.0,3813.0,2563.0,4478.0,6.0,1150042.0,1.606058232,4.281444726,6.0,1.054,3.882519087
Honduras,2015.0,6.33,1237483386.0,77.993,12.0,2.581,55.38756204,74.991,70.15,72.487,17.5,15.4,19.4,11.7,20.5,18.2,22.6,661.0,936.0,1252.0,465.0,3684.0,2474.0,4318.0,6.0,1154139.0,1.695265926,4.742369263,6.0,1.053,6.576108709
Honduras,2016.0,6.33,1278495340.0,76.868,12.0,2.536,54.43515729,75.078,70.257,72.588,16.9,14.9,18.8,11.3,19.7,17.5,21.8,669.0,933.0,1254.0,454.0,3567.0,2390.0,4171.0,6.0,1145093.0,1.961600353,5.81215273,6.0,1.053,4.59854847
Honduras,2017.0,6.33,1374950083.0,75.341,12.0,2.496,40.13777311,75.188,70.351,72.692,16.3,14.4,18.1,10.9,19.0,16.9,21.0,673.0,927.0,1255.0,440.0,3461.0,2316.0,4039.0,6.0,1123945.0,1.945969006,5.664526256,6.0,1.052,4.398632931
Honduras,2018.0,6.33,1403568730.0,74.666,12.0,2.46,38.09922546,75.318,70.461,72.814,15.8,13.9,17.5,10.5,18.4,16.3,20.3,671.0,918.0,1255.0,425.0,3364.0,2247.0,3920.0,6.0,1122115.0,2.360851273,7.116395864,6.0,1.052,4.614637015
Honduras,2019.0,6.33,1462376314.0,73.802,12.0,2.427,41.1092509,75.37,70.534,72.881,15.2,13.4,16.9,10.1,17.7,15.8,19.6,666.0,903.0,1254.0,412.0,3263.0,2182.0,3796.0,6.0,1103956.0,2.538038198,7.822617854,5.0,1.051,3.891824033
Honduras,2020.0,6.33,1403389524.0,72.874,12.0,2.394,35.79415957,73.987,69.126,71.462,14.7,13.0,16.4,9.8,17.1,15.2,18.9,657.0,888.0,1254.0,398.0,3170.0,2112.0,3683.0,6.0,1080048.0,5.180898949,17.58259415,5.0,1.051,7.020729425
Honduras,2021.0,6.33,1656676603.0,71.972,12.0,2.363,38.34274689,72.534,67.894,70.123,14.2,12.6,15.8,9.4,16.6,14.8,18.3,644.0,870.0,1252.0,385.0,3074.0,2042.0,3571.0,6.0,1046037.0,2.118992271,6.673027929,5.0,1.051,4.666378879
Honduras,2022.0,,,71.333,12.0,2.34,,73.157,68.461,70.728,13.8,12.2,15.3,9.1,16.0,14.3,17.7,632.0,851.0,1246.0,374.0,2982.0,1977.0,3463.0,6.0,1066542.0,2.409536957,7.220474147,5.0,1.051,5.099391928
Honduras,2023.0,,,,12.0,,,,,,,,,,,,,,,,,,,,6.0,1074043.0,,,5.0,,
Mexico,2000.0,4.11,28470359484.0,73.673,9.0,2.716,10.97028963,76.512,70.692,73.569,23.6,21.0,26.0,14.2,28.2,25.3,30.8,3745.0,7612.0,10230.0,3543.0,55752.0,33527.0,66629.0,6.0,14765603.0,3.411470007,13.3437513,6.0,1.038,8.148437907
Mexico,2001.0,4.33,32157776338.0,73.423,11.0,2.669,10.34767712,76.685,71.098,73.867,22.6,20.2,24.9,13.2,26.9,24.2,29.5,3704.0,7448.0,9952.0,3427.0,53316.0,31135.0,63481.0,6.0,14792528.0,3.126652228,13.83040874,6.0,1.039,6.095980871
Mexico,2002.0,4.59,34828133939.0,72.706,11.0,2.623,9.996325597,76.826,71.422,74.106,21.7,19.4,24.0,12.2,25.8,23.1,28.2,3674.0,7381.0,9816.0,3318.0,51008.0,28721.0,60538.0,6.0,14843381.0,2.426772323,10.71861315,6.0,1.039,4.746773749
Mexico,2003.0,5.12,36678541864.0,72.673,11.0,2.579,9.847764226,76.921,71.653,74.274,20.9,18.6,23.0,11.3,24.7,22.2,27.1,3658.0,7363.0,9747.0,3226.0,48782.0,26370.0,57766.0,6.0,14857191.0,2.913118796,11.84390703,6.0,1.039,4.274427224
Mexico,2004.0,4.72,36372056690.0,72.839,11.0,2.536,8.974868473,76.983,71.781,74.372,20.1,17.9,22.2,10.4,23.7,21.3,26.0,3650.0,7351.0,9674.0,3155.0,46729.0,24231.0,55210.0,6.0,14781327.0,3.095391506,11.87556549,6.0,1.039,4.885019561
Mexico,2005.0,4.85,41669106786.0,72.534,11.0,2.495,9.408928343,76.986,71.782,74.376,19.4,17.3,21.4,9.7,22.8,20.5,25.0,3649.0,7410.0,9715.0,3108.0,44804.0,22527.0,52808.0,6.0,14700005.0,2.56920823,9.661351882,6.0,1.038,4.033599434
Mexico,2006.0,4.69,45042655306.0,71.176,11.0,2.456,9.778570392,76.981,71.697,74.331,18.7,16.7,20.6,9.3,22.0,19.8,24.1,3640.0,7610.0,9952.0,3081.0,42972.0,21427.0,50563.0,6.0,14595195.0,3.862271198,13.89291743,6.0,1.039,5.435681762
Mexico,2007.0,4.69,48541090980.0,72.318,11.0,2.421,8.187217538,76.956,71.54,74.238,18.1,16.1,19.9,9.2,21.2,19.1,23.2,3626.0,8014.0,10464.0,3064.0,41297.0,20962.0,48532.0,6.0,14631498.0,1.979922256,7.051353037,6.0,1.039,3.506385616
Mexico,2008.0,4.78,52309084845.0,74.09,11.0,2.391,12.76935344,76.952,71.376,74.152,17.5,15.6,19.3,9.1,20.5,18.4,22.5,3604.0,8571.0,11207.0,3042.0,39808.0,20806.0,46711.0,6.0,14699146.0,1.923612949,6.775065059,6.0,1.039,3.541994913
Mexico,2009.0,5.09,45042908314.0,75.355,11.0,2.364,17.83259965,76.993,71.273,74.119,16.9,15.2,18.6,9.1,19.8,17.8,21.7,3572.0,9184.0,12090.0,3000.0,38438.0,20638.0,45031.0,6.0,14861232.0,1.925742763,6.970188466,6.0,1.039,3.537764571
Mexico,2010.0,5.01,52365560903.0,75.329,11.0,2.34,22.88851912,77.117,71.295,74.19,16.4,14.7,18.0,9.0,19.2,17.3,21.0,3533.0,9642.0,12880.0,2936.0,37124.0,20346.0,43426.0,6.0,14906476.0,1.811142384,5.988535875,6.0,1.039,2.903843205
Mexico,2011.0,5.04,58551883209.0,76.46,11.0,2.317,23.83958417,77.311,71.451,74.365,15.9,14.3,17.4,8.8,18.5,16.7,20.2,3499.0,9704.0,13271.0,2853.0,35959.0,20026.0,41991.0,6.0,14934663.0,1.627349648,5.13285208,6.0,1.039,3.421707421
Mexico,2012.0,5.015967979,59082344446.0,76.744,14.0,2.294,22.43254813,77.535,71.651,74.574,15.4,13.8,16.9,8.6,17.9,16.2,19.6,3453.0,9243.0,13003.0,2760.0,34878.0,19577.0,40662.0,6.0,14956982.0,3.028770052,9.169677759,6.0,1.039,5.663254581
Mexico,2013.0,4.624411011,57220904638.0,76.355,14.0,2.269,19.66311298,77.706,71.814,74.739,14.9,13.3,16.4,8.4,17.3,15.6,19.0,3391.0,8640.0,12527.0,2662.0,33741.0,19123.0,39291.0,6.0,14837204.0,1.742955982,5.362347692,6.0,1.039,3.050453341
Mexico,2014.0,5.158290702,66183884582.0,72.893,14.0,2.211,16.84969093,77.782,71.859,74.797,14.4,12.9,15.9,8.3,16.8,15.1,18.4,3327.0,8237.0,12264.0,2576.0,32308.0,18470.0,37651.0,6.0,14627368.0,1.447241293,4.387166988,6.0,1.039,3.520671927
Mexico,2015.0,5.203838931,59407164319.0,67.585,14.0,2.137,17.2800814,77.692,71.723,74.682,14.0,12.5,15.3,8.3,16.2,14.7,17.7,3260.0,8105.0,12314.0,2502.0,30520.0,17874.0,35666.0,6.0,14397928.0,2.213464468,6.21622086,6.0,1.039,4.427261092
Mexico,2016.0,4.875254382,51169849046.0,64.845,14.0,2.086,20.20997147,77.486,71.398,74.412,13.5,12.1,14.9,8.4,15.7,14.2,17.2,3199.0,8224.0,12658.0,2443.0,28822.0,17714.0,33746.0,6.0,14297027.0,3.765965624,9.794572497,6.0,1.039,7.249054363
Mexico,2017.0,4.526593883,51097236315.0,63.587,14.0,2.041,26.11461568,77.303,71.044,74.138,13.1,11.7,14.4,8.5,15.2,13.7,16.6,3161.0,8554.0,13303.0,2398.0,27393.0,17797.0,32076.0,6.0,14182288.0,3.131847734,7.926365616,6.0,1.039,5.643069764
Mexico,2018.0,4.279382587,50896791584.0,61.293,14.0,1.996,29.58137063,77.286,70.829,74.015,12.7,11.3,13.9,8.7,14.7,13.3,16.1,3133.0,8919.0,13998.0,2360.0,26036.0,17695.0,30475.0,6.0,14061377.0,2.528935702,6.130641421,6.0,1.039,4.794107915
Mexico,2019.0,4.279382587,52722500529.0,58.391,14.0,1.916,29.30879721,77.574,70.931,74.202,12.2,11.0,13.4,8.6,14.2,12.8,15.5,3118.0,9167.0,14524.0,2326.0,24463.0,16896.0,28661.0,6.0,14012770.0,3.3341686,8.132845096,6.0,1.039,5.453379079
Mexico,2020.0,4.279382587,45139872762.0,57.865,14.0,1.905,29.18531406,74.314,66.334,70.133,11.8,10.6,13.0,8.4,13.7,12.4,15.0,3127.0,9279.0,14827.0,2301.0,23187.0,16411.0,27154.0,6.0,13902903.0,3.86767799,9.220996788,6.0,1.039,6.600313924
Mexico,2021.0,4.279382587,53035474843.0,54.369,14.0,1.822,28.17565299,74.864,66.056,70.213,11.4,10.3,12.5,8.1,13.3,12.0,14.5,3150.0,9208.0,14841.0,2279.0,21925.0,15232.0,25676.0,6.0,13716407.0,4.06618544,9.499585347,6.0,1.039,6.178753981
Mexico,2022.0,,,53.693,14.0,1.803,,78.161,71.547,74.832,11.0,9.9,12.1,7.8,12.8,11.6,14.0,3177.0,8969.0,14559.0,2256.0,20663.0,14572.0,24213.0,6.0,13502103.0,1.715376856,3.779152721,6.0,1.039,3.475985634
Mexico,2023.0,,,,14.0,,,,,,,,,,,,,,,,,,,,6.0,,,,6.0,,
Nicaragua,2000.0,2.76904165,135836141.4,113.855,6.0,3.111,9.291027278,70.189,64.282,67.234,31.2,27.6,34.6,16.5,38.3,34.1,42.2,364.0,767.0,977.0,448.0,4429.0,2345.0,5465.0,6.0,838437.0,3.053184888,15.2231021,5.0,1.032,5.897484832
Nicaragua,2001.0,2.514520825,127809235.5,112.328,6.0,3.019,10.34131341,70.163,64.284,67.215,29.7,26.3,33.0,16.0,36.2,32.3,40.0,369.0,751.0,961.0,424.0,4178.0,2246.0,5123.0,6.0,868070.0,2.453698413,13.26439503,5.0,1.032,6.649906217
Nicaragua,2002.0,2.26,113413874.2,110.433,6.0,2.941,10.5343111,70.137,64.256,67.18,28.3,25.0,31.5,15.2,34.4,30.5,38.0,374.0,735.0,944.0,398.0,3955.0,2131.0,4817.0,6.0,923391.0,2.059182003,11.3098481,5.0,1.032,3.132492693
Nicaragua,2003.0,2.49,127593931.7,108.971,6.0,2.874,11.92922419,70.179,64.3,67.217,27.0,23.8,30.0,14.6,32.6,29.0,36.1,376.0,720.0,927.0,374.0,3747.0,2032.0,4542.0,6.0,927217.0,2.411759603,12.12160722,5.0,1.033,3.787298343
Nicaragua,2004.0,2.72,152414335.2,106.659,6.0,2.816,11.99356209,70.4,64.498,67.423,25.8,22.7,28.7,14.2,31.0,27.5,34.4,378.0,706.0,910.0,351.0,3559.0,1958.0,4293.0,6.0,941957.0,1.183341999,5.368832434,5.0,1.033,2.358087538
Nicaragua,2005.0,2.95,182054388.9,104.654,6.0,2.767,13.36467524,70.937,64.985,67.936,24.7,21.7,27.4,13.8,29.5,26.1,32.8,378.0,693.0,894.0,329.0,3391.0,1901.0,4071.0,6.0,945089.0,1.746952944,7.519044957,5.0,1.033,2.820570579
Nicaragua,2006.0,3.18,208219093.0,102.927,7.0,2.725,13.05650292,71.753,65.73,68.725,23.6,20.7,26.3,13.5,28.1,24.8,31.2,379.0,686.0,885.0,309.0,3243.0,1866.0,3876.0,6.0,966206.0,1.495120529,4.542585746,5.0,1.033,2.566581975
Nicaragua,2007.0,3.41,246468436.0,101.112,7.0,2.689,12.73305253,72.591,66.54,69.559,22.6,19.8,25.2,13.2,26.9,23.7,29.8,378.0,681.0,878.0,292.0,3119.0,1837.0,3709.0,6.0,952964.0,3.373557327,9.74027662,5.0,1.033,5.541306511
Nicaragua,2008.0,3.64,301309976.5,99.373,7.0,2.657,12.9401042,73.674,67.492,70.586,21.6,19.0,24.2,13.0,25.7,22.6,28.5,372.0,674.0,872.0,277.0,3006.0,1811.0,3559.0,6.0,944341.0,1.104848472,3.076238039,5.0,1.034,5.193949207
Nicaragua,2009.0,3.87,311487794.4,98.368,7.0,2.628,13.89794214,74.545,68.296,71.433,20.8,18.2,23.2,12.7,24.6,21.6,27.3,363.0,666.0,869.0,263.0,2903.0,1791.0,3426.0,6.0,,1.236056573,3.497538298,5.0,1.034,5.821440733
Nicaragua,2010.0,4.1,349091979.5,97.947,7.0,2.601,13.40566472,75.128,68.854,72.009,20.0,17.5,22.3,12.5,23.5,20.7,26.2,353.0,656.0,866.0,251.0,2806.0,1771.0,3301.0,6.0,923745.0,1.049362709,2.507277912,5.0,1.034,6.745360465
Nicaragua,2011.0,4.1,389729921.3,96.792,7.0,2.575,12.4189048,75.528,69.263,72.416,19.2,16.8,21.4,12.3,22.6,19.9,25.1,343.0,646.0,864.0,240.0,2717.0,1752.0,3187.0,6.0,924188.0,1.08090433,2.322270265,5.0,1.035,7.681571189
Nicaragua,2012.0,4.1,414764501.2,96.372,7.0,2.55,11.15973898,75.707,69.484,72.615,18.5,16.2,20.6,12.1,21.7,19.1,24.1,335.0,632.0,861.0,232.0,2627.0,1731.0,3077.0,6.0,902790.0,0.908571307,1.829069499,5.0,1.035,21.16246432
Nicaragua,2013.0,4.1,428399979.7,95.083,7.0,2.526,9.706867314,75.763,69.612,72.704,17.8,15.6,19.8,11.9,20.8,18.4,23.2,324.0,618.0,858.0,223.0,2539.0,1702.0,2970.0,6.0,880601.0,0.935797513,1.950042775,5.0,1.035,21.69566641
Nicaragua,2014.0,4.1,468733896.9,94.226,7.0,2.503,8.455909799,75.822,69.77,72.812,17.1,15.1,19.1,11.6,20.1,17.7,22.3,317.0,604.0,852.0,215.0,2454.0,1663.0,2867.0,6.0,875753.0,1.040132542,2.20594196,5.0,1.035,25.84780171
Nicaragua,2015.0,4.1,502975939.2,93.552,7.0,2.48,8.319311694,75.925,70.005,72.983,16.5,14.5,18.4,11.2,19.3,17.0,21.5,308.0,589.0,844.0,208.0,2371.0,1611.0,2768.0,6.0,853615.0,1.082002467,2.577264979,5.0,1.035,12.80712366
Nicaragua,2016.0,4.1,518727267.3,91.879,7.0,2.455,7.090050687,76.122,70.344,73.256,16.0,14.0,17.8,10.8,18.6,16.4,20.7,299.0,573.0,834.0,203.0,2290.0,1556.0,2671.0,6.0,887739.0,1.290665562,3.124943502,5.0,1.035,14.75047196
Nicaragua,2017.0,4.1,536042565.7,90.951,7.0,2.43,6.650689068,76.367,70.686,73.554,15.4,13.6,17.2,10.5,18.0,15.9,20.0,292.0,560.0,821.0,196.0,2210.0,1505.0,2577.0,6.0,902565.0,1.570528898,3.5458805,5.0,1.035,20.18464707
Nicaragua,2018.0,4.1,507294629.3,89.65,7.0,2.404,10.37699138,76.681,70.964,73.85,14.9,13.1,16.6,10.3,17.4,15.4,19.3,285.0,547.0,805.0,191.0,2131.0,1470.0,2483.0,6.0,887207.0,1.849110485,4.048828044,5.0,1.035,17.58437886
Nicaragua,2019.0,4.1,497339653.7,88.623,7.0,2.377,7.728179373,77.001,71.066,74.054,14.4,12.7,16.1,10.2,16.8,14.9,18.7,278.0,535.0,789.0,185.0,2054.0,1456.0,2392.0,6.0,883822.0,2.41476149,5.086427897,5.0,1.035,14.52531759
Nicaragua,2020.0,4.1,482191574.5,87.361,7.0,2.349,,75.012,68.648,71.795,14.0,12.3,15.6,10.2,16.3,14.4,18.1,275.0,524.0,773.0,180.0,1977.0,1445.0,2303.0,6.0,881470.0,2.924384448,6.450396247,5.0,1.035,15.08968364
Nicaragua,2021.0,4.1,537687205.8,85.648,7.0,2.321,11.00643161,76.803,70.836,73.837,13.5,11.9,15.1,10.0,15.7,13.9,17.5,271.0,514.0,757.0,175.0,1902.0,1412.0,2215.0,6.0,879590.0,2.78506045,5.561316327,5.0,1.035,13.87606136
Nicaragua,2022.0,,,83.964,7.0,2.284,,77.556,71.613,74.615,13.1,11.5,14.6,9.6,15.2,13.5,16.9,266.0,505.0,742.0,170.0,1826.0,1342.0,2127.0,6.0,872148.0,2.947902078,5.356674285,5.0,1.035,16.57105201
Nicaragua,2023.0,,,,7.0,,,,,,,,,,,,,,,,,,,,6.0,880080.0,,,5.0,,
Panama,2000.0,4.643765067,545359822.2,93.293,11.0,2.744,9.960917557,77.062,71.101,74.001,21.6,19.5,23.6,14.4,25.6,23.1,27.9,123.0,245.0,343.0,133.0,1516.0,1013.0,1791.0,6.0,400408.0,6.401521632,8.013273137,6.0,1.053,7.57206598
Panama,2001.0,4.42,526506572.3,93.653,11.0,2.72,9.996654714,77.418,71.559,74.414,21.0,19.0,22.9,13.9,24.8,22.4,27.1,123.0,243.0,338.0,130.0,1483.0,990.0,1749.0,6.0,408249.0,8.199723682,10.44701839,6.0,1.053,9.616612842
Panama,2002.0,3.383534706,430453637.2,90.625,11.0,2.698,12.04745737,77.778,72.007,74.824,20.3,18.4,22.2,13.5,24.0,21.7,26.2,121.0,243.0,336.0,129.0,1446.0,964.0,1702.0,6.0,419904.0,10.90923148,16.27851419,6.0,1.053,13.09128122
Panama,2003.0,3.302945588,425593826.9,90.533,11.0,2.679,10.59212826,78.141,72.424,75.218,19.7,17.8,21.5,13.0,23.2,21.0,25.3,121.0,245.0,340.0,127.0,1410.0,938.0,1656.0,6.0,419903.0,5.916375489,9.093357412,6.0,1.052,7.306358951
Panama,2004.0,3.222356471,450903751.2,92.801,11.0,2.691,9.49646827,78.466,72.749,75.544,19.1,17.2,20.8,12.5,22.4,20.3,24.4,121.0,251.0,348.0,126.0,1384.0,923.0,1620.0,6.0,429837.0,7.580533741,11.02024538,6.0,1.052,9.898422574
Panama,2005.0,3.141767353,477784078.5,90.582,11.0,2.665,11.01072396,78.785,72.999,75.829,18.4,16.7,20.1,12.1,21.6,19.6,23.5,121.0,260.0,363.0,126.0,1353.0,895.0,1582.0,6.0,430152.0,11.06483329,14.48092812,6.0,1.051,13.37096706
Panama,2006.0,3.061178235,515522811.4,88.585,11.0,2.636,6.56064058,79.041,73.118,76.012,17.8,16.1,19.4,11.7,20.9,18.9,22.8,121.0,276.0,385.0,125.0,1313.0,866.0,1534.0,6.0,436945.0,13.51314234,16.44793368,6.0,1.051,17.86341339
Panama,2007.0,2.980589118,597360258.3,89.135,11.0,2.63,8.13028505,79.273,73.179,76.154,17.2,15.6,18.8,11.3,20.2,18.3,22.0,123.0,298.0,415.0,125.0,1278.0,846.0,1493.0,6.0,446176.0,3.847558994,4.516129846,6.0,1.05,4.2230034
Panama,2008.0,2.9,685814869.4,91.341,11.0,2.631,14.10474965,79.433,73.172,76.225,16.7,15.1,18.2,11.0,19.5,17.7,21.3,124.0,322.0,446.0,124.0,1254.0,830.0,1462.0,6.0,445107.0,6.497512392,7.153019188,6.0,1.049,7.910940969
Panama,2009.0,2.866666667,735834220.5,92.85,11.0,2.613,15.78943302,79.615,73.233,76.343,16.2,14.7,17.7,10.7,19.0,17.2,20.7,127.0,340.0,470.0,126.0,1230.0,811.0,1432.0,6.0,440627.0,3.18604696,4.017541592,6.0,1.049,4.645342911
Panama,2010.0,2.833333333,768654648.7,91.622,11.0,2.604,12.69449659,79.733,73.325,76.448,15.8,14.4,17.2,10.4,18.5,16.8,20.1,128.0,351.0,483.0,126.0,1206.0,796.0,1403.0,6.0,439746.0,3.097078229,3.775867198,6.0,1.05,4.990285218
Panama,2011.0,2.8,917622280.4,93.352,11.0,2.627,14.88339712,79.871,73.537,76.627,15.5,14.0,16.8,10.1,18.0,16.4,19.6,130.0,353.0,485.0,125.0,1195.0,793.0,1389.0,6.0,439698.0,3.696370792,4.130704954,6.0,1.05,4.794328888
Panama,2012.0,2.8,1055360163.0,93.25,11.0,2.636,16.9646714,79.991,73.787,76.819,15.2,13.8,16.5,10.0,17.7,16.1,19.2,130.0,349.0,477.0,125.0,1194.0,789.0,1385.0,6.0,437277.0,4.282354548,4.919778271,6.0,1.052,5.247747058
Panama,2013.0,2.8,1195392632.0,92.149,11.0,2.609,17.3489542,80.138,74.067,77.038,15.0,13.6,16.3,9.8,17.5,15.8,19.0,130.0,337.0,462.0,123.0,1186.0,779.0,1376.0,6.0,435973.0,3.357309329,4.430398247,6.0,1.054,4.640934076
Panama,2014.0,2.8,1275886203.0,90.182,11.0,2.59,15.53181354,80.299,74.317,77.248,14.9,13.5,16.1,9.7,17.3,15.7,18.8,129.0,321.0,443.0,120.0,1176.0,774.0,1366.0,6.0,426637.0,1.986439728,2.99709693,6.0,1.056,4.874900495
Panama,2015.0,2.8,1417942786.0,86.428,11.0,2.564,11.9026605,80.516,74.54,77.468,14.8,13.4,16.0,9.7,17.2,15.6,18.7,128.0,304.0,424.0,118.0,1172.0,769.0,1362.0,6.0,417556.0,2.928333351,5.322703611,6.0,1.058,5.58731612
Panama,2016.0,2.8,1505575246.0,81.589,11.0,2.528,10.05877179,80.736,74.692,77.653,14.7,13.4,15.9,9.6,17.1,15.6,18.6,127.0,289.0,412.0,116.0,1164.0,763.0,1355.0,6.0,408961.0,2.340764508,4.644988542,6.0,1.061,12.34302653
Panama,2017.0,2.8,1634917166.0,78.616,11.0,2.493,9.228373685,80.925,74.791,77.795,14.5,13.3,15.7,9.5,16.9,15.5,18.3,126.0,278.0,406.0,114.0,1147.0,752.0,1336.0,6.0,418852.0,3.101659032,6.181343719,6.0,1.062,7.503681362
Panama,2018.0,2.8,1691346917.0,74.96,11.0,2.441,9.627262872,81.024,74.826,77.863,14.2,13.0,15.3,9.3,16.5,15.1,17.8,126.0,271.0,403.0,112.0,1111.0,726.0,1295.0,6.0,441755.0,2.207097753,4.554980975,6.0,1.061,8.012074952
Panama,2019.0,2.8,1754569600.0,71.789,11.0,2.375,11.34072938,80.954,74.789,77.81,13.6,12.5,14.7,8.9,15.8,14.5,17.1,126.0,266.0,404.0,112.0,1054.0,686.0,1229.0,6.0,421965.0,2.371930612,5.05948152,6.0,1.059,7.408491424
Panama,2020.0,2.8,1463422800.0,70.838,11.0,2.344,11.64307953,80.034,73.472,76.657,12.9,11.9,13.9,8.4,15.0,13.7,16.2,126.0,262.0,405.0,110.0,991.0,649.0,1156.0,6.0,431959.0,5.196050362,13.38973297,6.0,1.057,12.38411384
Panama,2021.0,2.8,1659316400.0,69.912,11.0,2.325,12.73192383,79.594,73.05,76.223,12.2,11.1,13.1,7.9,14.1,12.9,15.3,126.0,257.0,402.0,108.0,933.0,611.0,1086.0,6.0,465799.0,3.207450591,7.142102512,6.0,1.056,23.14312849
Panama,2022.0,,,68.49,11.0,2.297,,80.091,73.726,76.826,11.4,10.5,12.3,7.5,13.3,12.2,14.3,126.0,253.0,398.0,107.0,875.0,571.0,1018.0,6.0,470154.0,2.314846688,4.497007987,6.0,1.055,16.36258497
Panama,2023.0,,,,11.0,,,,,,,,,,,,,,,,,,,,6.0,443447.0,,,6.0,,
